<application>
  <component name="MaterialThemeConfig">
    <option name="highContrast" value="true" />
    <option name="allowDataCollection" value="true" />
    <option name="isHighContrast" value="true" />
    <option name="isWizardShown" value="true" />
    <option name="pristineConfig" value="false" />
    <option name="accentColor" value="396060" />
    <option name="selectedTheme" value="NATIVE" />
    <option name="userId" value="-1df9f21b:16cccb8943b:-7ff8" />
    <option name="version" value="5.2.0" />
  </component>
</application>