<application>
  <component name="FileTypeManager" version="17">
    <extensionMap>
      <mapping pattern=".env.serve" type="Native" />
      <mapping pattern=".env.production" type="PLAIN_TEXT" />
      <mapping pattern=".prettierignore" type="PLAIN_TEXT" />
      <mapping pattern=".env.development.local" type="PLAIN_TEXT" />
      <mapping pattern=".env.development" type="PLAIN_TEXT" />
      <mapping pattern=".env.devserver" type="PLAIN_TEXT" />
      <mapping pattern=".env.dev" type="PLAIN_TEXT" />
      <mapping pattern=".env" type="PLAIN_TEXT" />
      <mapping pattern=".env.testserver" type="PLAIN_TEXT" />
      <mapping pattern=".env.local" type="PLAIN_TEXT" />
      <mapping pattern=".env.real" type="PLAIN_TEXT" />
      <mapping pattern="payment-detail-invoice" type="Vue.js" />
      <removed_mapping pattern="payment-detail-manager.vue" approved="true" type="PLAIN_TEXT" />
    </extensionMap>
  </component>
</application>