<application>
  <component name="MaterialThemeConfig">
    <option name="contrastMode" value="true" />
    <option name="highContrast" value="true" />
    <option name="isContrastMode" value="true" />
    <option name="isHighContrast" value="true" />
    <option name="isWizardShown" value="true" />
    <option name="pristineConfig" value="false" />
    <option name="accentColor" value="a5e8fc" />
    <option name="selectedTheme" value="NATIVE" />
    <option name="userId" value="601b9e9d:1695136e6fd:-7ffe" />
    <option name="version" value="5.2.0" />
  </component>
</application>